,Model,F1,Recall,Precision,Accuracy
0,Tuned Decision Tree,0.8561333333333334,0.8561333333333334,0.8561333333333334,0.8561333333333334
